15:24:28,1
15:24:31,2
15:24:34,3
15:24:38,4
15:24:42,5
15:24:46,6
15:24:47,7
15:24:49,8
15:24:52,9
15:24:56,10
15:24:57,11
15:24:59,12
15:25:00,13
15:25:04,14
15:25:05,15
15:25:08,16
15:25:11,17
15:25:12,17,retry
15:25:13,18
15:25:17,19
15:25:20,20
15:25:22,21
15:25:24,22
15:25:27,23
15:25:31,24
15:25:34,25
15:25:37,26
15:25:41,27
15:25:42,28
15:25:44,29
15:25:47,30
15:25:50,31
15:25:51,32
15:25:52,33
15:25:53,34
15:25:54,35
15:25:56,36
15:26:00,37
15:26:02,38
15:26:03,38,retry
15:26:07,39
15:26:10,40
15:26:11,41
15:26:15,42
15:26:16,43
15:26:19,44
15:26:20,45
15:26:22,46
15:26:23,47
15:26:26,48
15:26:30,49
15:26:31,50
15:26:33,51
15:26:35,51,retry
15:26:38,52
15:26:40,53
15:26:44,54
15:26:46,55
15:26:50,56
15:26:51,56,retry
15:26:53,57
15:26:56,58
15:27:00,59
15:27:04,60
15:27:06,61
15:27:10,62
15:27:14,63
15:27:18,64
15:27:20,65
15:27:22,66
15:27:25,67
15:27:26,67,retry
15:27:29,68
15:27:32,69
15:27:34,70
15:27:35,71
15:27:38,72
15:27:41,73
15:27:42,74
15:27:43,75
15:27:45,76
15:27:47,77
15:27:51,78
15:27:53,79
15:27:57,80
15:28:01,81
15:28:04,82
15:28:05,83
15:28:09,84
15:28:10,84,retry
15:28:12,85
15:28:16,86
15:28:20,87
15:28:22,88
15:28:27,89
15:28:30,90
15:28:32,91
15:28:36,92
15:28:37,93
15:28:38,94
15:28:40,95
15:28:41,96
15:28:44,97
15:28:48,98
15:28:50,99
15:28:51,100
15:28:54,101
15:28:58,102
15:28:59,103
15:29:03,104
15:29:04,105
15:29:09,106
15:29:10,107
15:29:13,108
15:29:15,109
15:29:17,110
15:29:19,111
15:29:20,112
15:29:21,113
15:29:25,113,retry
15:29:29,114
15:29:31,115
15:29:33,116
15:29:36,117
15:29:38,118
15:29:42,118,retry
15:29:46,119
15:29:49,120
15:29:53,121
15:29:56,121,retry
15:29:58,122
15:30:01,123
15:30:05,124
15:30:06,125
15:30:07,126
15:30:11,127
15:30:12,128
15:30:13,129
15:30:17,130
15:30:18,131
15:30:20,132
15:30:23,133
15:30:27,134
15:30:31,135
15:30:34,136
15:30:39,137
15:30:40,138
15:30:43,139
15:30:47,140
15:30:49,140,retry
15:30:53,141
15:30:56,142
15:30:58,143
15:31:01,144
15:31:04,145
15:31:06,146
15:31:08,147
15:31:11,148
15:31:12,149
15:31:16,150
15:31:20,151
15:31:24,152
15:31:26,153
15:31:28,154
15:31:31,155
15:31:34,156
15:31:36,157
15:31:39,158
15:31:40,159
15:31:41,160
15:31:45,161
15:31:47,162
15:31:49,163
15:31:52,164
15:31:53,165
15:31:56,166
15:31:59,167
15:32:00,168
15:32:01,169
15:32:03,169,retry
15:32:07,170
15:32:08,171
15:32:11,172
15:32:14,173
15:32:15,174
15:32:16,175
15:32:17,176
15:32:20,177
15:32:23,178
15:32:26,179
15:32:29,180
15:32:33,181
15:32:36,182
15:32:37,183
15:32:38,184
15:32:40,185
15:32:43,186
15:32:45,187
15:32:46,188
