07:55:20,1
07:55:21,2
07:55:22,3
07:55:23,4
07:55:24,4
07:55:25,5
07:55:26,6
07:55:27,7
07:55:28,8
07:55:29,8
07:55:30,9
07:55:31,10
07:55:32,11
07:55:33,12
07:55:34,12
07:55:35,13
07:55:36,14
07:55:37,15
07:55:38,16
07:55:39,16
07:55:40,17
07:55:41,18
07:55:42,19
07:55:43,20
07:55:44,20
07:55:45,21
07:55:46,22
07:55:47,23
07:55:49,24
07:55:50,24
07:55:51,25
07:55:52,26
07:55:53,27
07:55:54,28
07:55:55,28
07:55:56,29
07:55:57,30
07:55:58,31
07:55:59,32
07:56:00,32
07:56:01,33
07:56:02,34
07:56:03,35
07:56:04,36
07:56:05,36
07:56:06,37
07:56:07,38
07:56:08,39
07:56:09,40
07:56:10,40
07:56:11,41
07:56:12,42
07:56:13,43
07:56:14,44
07:56:15,44
07:56:16,45
07:56:17,46
07:56:18,47
07:56:19,48
07:56:20,48
07:56:21,49
07:56:22,50
07:56:23,51
07:56:25,52
07:56:26,52
07:56:27,53
07:56:28,54
07:56:29,55
07:56:30,56
07:56:31,56
07:56:32,57
07:56:33,58
07:56:34,59
07:56:35,60
07:56:36,60
07:56:37,61
07:56:38,62
07:56:39,63
07:56:40,64
07:56:41,64
07:56:42,65
07:56:43,66
07:56:44,67
07:56:45,68
07:56:46,68
07:56:47,69
07:56:48,70
07:56:49,71
07:56:50,72
07:56:51,72
07:56:52,73
07:56:53,74
07:56:54,75
07:56:55,76
07:56:56,76
07:56:57,77
07:56:58,78
07:56:59,79
07:57:01,80
