09:15:56,1
09:16:00,2
09:16:01,3
09:16:04,4
09:16:08,5
09:16:10,6
09:16:13,7
09:16:16,8
09:16:19,9
09:16:22,10
09:16:24,11
09:16:25,12
09:16:28,13
09:16:30,14
09:16:31,15
09:16:34,16
09:16:35,17
09:16:36,18,retry
09:16:38,19
09:16:40,20
09:16:41,21
09:16:42,22
09:16:44,23
09:16:48,24
09:16:49,25
09:16:51,26,retry
09:16:55,27
09:16:57,28
09:16:59,29
09:17:00,30,retry
09:17:03,31
09:17:05,32
09:17:08,33
09:17:10,34
09:17:11,35
09:17:14,36
09:17:18,37
09:17:22,38
09:17:24,39
09:17:25,40
09:17:26,41
09:17:30,42
09:17:34,43
09:17:37,44
09:17:38,45
09:17:40,46
09:17:44,47
09:17:46,48
09:17:49,49
